id,text
1,#earthquake
6,#wildfires
7,#Alaska #wildfires
8,#RockyFire #CAfire #wildfires
10,#flood #disaster
17,#flooding
18,#raining #flooding #Florida #TampaBay #Tampa
19,#Flood #We
20,#BREAKING
49,#metal #RT
50,#AFRICANBAZE
54,#mufc
56,#Bridgetown
59,#nsfw
68,#nsfw
79,#Kurds #Diyala
83,#California #climate #energy
92,#NowPlaying #EDM
97,#NashvilleTraffic
98,#SantaClara #BayArea #Traffic
100,#personalinjury #solicitor #OtleyHour
102,#stlouis #caraccidentlawyer
120,#TruckCrash #FortWorth
121,#Ashville #traffic
130,#Manchester #traffic
139,#BREAKING #Hagerstown #WHAG
144,#Bahrain
145,#ArrestPastorNganga
151,#Dubstep #TrapMusic #DnB #EDM #Dance #Ices
156,#Dubstep #TrapMusic #DnB #EDM #Dance #Ices
160,#GrowingUpSpoiled
164,#Dubstep #TrapMusic #DnB #EDM #Dance #Ices
165,#Dubstep #TrapMusic #DnB #EDM #Dance #Ices
168,#Dubstep #TrapMusic #DnB #EDM #Dance #Ices
171,#Dubstep #TrapMusic #DnB #EDM #Dance #Ices
172,#Dubstep #TrapMusic #DnB #EDM #Dance #Ices
173,#WisdomWed #lifehacks
175,#silverwood #aftershock
178,#book
183,#now #wdyouth #biblestudy
196,#news
209,#Horrible #Accident #WatchTheVideo
212,#KCA #VoteJKT48ID #RIP #BINLADEN
216,#MLB
218,#man #airport #airplane #aircraft #aeroplane #runway #accident #freaky
222,#Crash #Aircraft #Airplane #Pilot #Death #Accident #CarFest
237,#OMG #RIP #AirPlane #Accident #JetEngine #TurboJet #Boing #G90
246,#RODKiai
248,#EMSNe
249,#yugvani
260,#justsaying #randomthought
261,#news #til_now #DNA
268,#ems #paramedics #ambulance
276,#reuters
287,#worldNews
289,#worldnews
298,#Mets
332,#FantasticFour #Fant4stic
345,#LGM
365,#gilbert23
372,#gilbert23
375,#gilbert23
380,#AZ #WildHorses #TantoNationalForest
386,#SaltRiverWildHorses
401,#sciencefiction
404,#internetradio #collegeradi
412,#warmbodies
437,#etcPB
440,#Storm #Apocalypse
446,#PBBan
447,#PBBan
448,#DoubleCups #ARMAGEDDON
455,#Love #TrueLove #romance #Voodoo #seduction #Astrology #RTRRT #LOTZ #apocalypse #Armageddon #1008pla
457,#eonlinechat
462,#PBBan
463,#Love #TrueLove #romance #Voodoo #seduction #Astrology #RTRRT #LOTZ #apocalypse #Armageddon #1008planet
465,#PBBan
466,#startrek #tos
474,#Entertainment #BruceWillis #DVD #eBay #Auction
477,#PREPPERS #DOOMSDAY #shtf #preppertalk #survival #2A #prepper
478,#armageddon
481,#UltimaLucha
484,#Christians #Israel #CUFI #US
485,#DoubleCups #ARMAGEDDON
486,#preseasonworkouts
487,#InterestRateRise
490,#brics #roberts #russia
493,#TheReal #ARMAGEDDON
496,#Beyhive
498,#Directioners
499,#5SOSFAM
501,#Beyhive
502,#Beyhive
503,#Directioners
512,#Directioners #Queens #FanArmyFaceOff
516,#Directioners
518,#Directioners
520,#IndiaKoMunTorJawabDo
521,#5SOSFAM
522,#Beyhive
523,#Directioners
524,#MTVSummerStar #VideoVeranoMTV #MTVHottest
526,#Directioners
530,#Beyhive
531,#Beyhive
533,#Beyhive
535,#Beyhive
543,#Directioners
544,#Directioners
558,#NewsInTweets
563,#LGBT
570,#Kisii #CountyNews
577,#LGBT
579,#Kisii #CountyNews
581,#LGBT
583,#LGBT
585,#LGBT
589,#Lesbian
599,#NOWPLAYING
609,#cbcto
613,#Vegetarian #Vegan #GoVegan #UniteBlue
614,#Arsonist #headlines #Nightbeat #2MinuteMix
619,#Spotlight #WNIAGospel
623,#7NewsAdl
630,#SanFrancisco
635,#NewYork
646,#nativehuman #myreligion
649,#tbt
652,#Udhampur
657,#News
658,#Mumbai
661,#AllTheNews
667,#palestine
674,#volleyball
675,#ableg #cdnpoli
690,#nwo
697,#pugprobs
714,#PT
719,#TBT
732,#robotcoingame #Bitcoin #FreeBitcoin
746,#WeLoveLA #NHLDucks #SportsRoadhouse
752,#Colorado #Avalanche #NHL #Hockey
758,#171
761,#weddinghour
779,#ColoradoAvalanche #Avalanche
781,#entretenimento #Video
783,#124
790,#BTS #Avalanche
791,#nowplay #listen #radio
803,#Tb #throwback
804,#SFGiants
809,#DU19
812,#Warcraft
826,#LonePine #Gallipoli #WW1
833,#NewsInTweets
838,#News #TCOT
842,#frontpage #Bioterror #RickPerry #GOPDebate
848,#world
849,#news #phone #apple #mobile
853,#world
863,#NowPlaying #orchardalley #LES #nyc #gardens
867,#frontpage #Bioterror #RickPerry
868,#BreakingNews
871,#trucking
873,#FedEx
876,#frontpage #Bioterror #RickPerry
883,#anthrax #bioterrorism
888,#virus #infectiousdiseases #bioterrorism
892,#dvd
903,#Pathogen #Bioterrorism #Infectious #Ebola
911,#digitalhealth #hcsm
923,#IranDeal
928,#bioterrorism #glanders
930,#raisinfingers
939,#Family #Cleveland #StandUp
946,#breaking
955,#thisispublichealth
961,#socialmedia
964,#California
978,#ArtisteOfTheWeekFact #Conversations #coast2coastdjs #Jiwonle #HipHop #ClubBanger
979,#Weddings
981,#nowplaying #listenlive
991,#stoponesounds #airwaves
993,#Hinatobot
998,#VideoVeranoMTV
1015,#escorts #gfe #DUBAI
1035,#arizona #realestate
1081,#oomf
1091,#2fast2furious
1093,#SUN #Earth
1094,#CatfishMTV
1105,#WBC2015
1113,#Catfish
1120,#HarperANetflixShow #elxn42 #stopharper
1132,#doping
1149,#news
1167,#ZippoLine #moveit
1168,#CLE
1174,#Palestinian #refugee #Israeli
1195,#Tweet4Taiji
1196,#overwatch
1208,#LWB
1235,#kindle
1239,#tattoo
1244,#SpeakingFromExperience
1245,#DecisionsOnDecisions
1270,#RolandoNaBeats
1283,#win #bbloggers
1290,#stephenking #thedarktower
1296,#Insomnia
1305,#boxing
1326,#bloodymonday #tvshowtime
1328,#mystery
1346,#ThisDayInHistory
1348,#MusicAdvisory
1361,#BB17
1365,#givebackkalinwhiteaccount
1376,#PiperWearsThePants #charmed
1381,#Republicans
1394,#Handbag #Womens
1402,#Handbag #Womens
1406,#Handbag #Womens
1409,#Handbag #Womens
1412,#handbag #fashion #style
1414,#Handbag #Womens
1415,#handbag #fashion #style #9973
1420,#Handbag #Womens
1436,#trollingtilMeekdiss
1448,#VuzuHustle
1452,#OVOFest #ZIPHIMUP
1482,#bestseller
1488,#concert
1505,#moving2k15 #expertwhiner
1506,#cutekitten #catsofinstagram #summerinsweden #katt #katterpÌ #dumle #dagens
1513,#IranDeal
1530,#Norge2040
1556,#EnolaGay #Hiroshima
1568,#whatcanthedo
1579,#MLB #BlueJays
1587,#arts
1591,#ElephantInTheRoom
1595,#Turkish
1600,#Hiroshima
1610,#bannukes
1611,#date
1622,#AfricansInSF #BeyondGPS
1623,#bombed
1638,#Hiroshima #BanTheBomb
1639,#canada
1643,#Setting4Success #News #smallbusiness #entrepreneur
1644,#Australia #News #Japan #Hiroshima
1645,#pearlharbor
1660,#Japan #Hiroshima
1670,#Generalnews
1671,#oped
1673,#cricket
1686,#Yugvani
1688,#Ashes
1691,#Collapse
1694,#TrainTragedy
1698,#ENGvAUS
1701,#computers #gadgets #slingnews
1715,#Ashes
1718,#USA #sustainability
1719,#oped
1727,#BlackLivesMatter
1735,#9newsmornings
1737,#nowplaying
1739,#respect
1744,#infosec
1766,#GBBO
1768,#Manchester
1772,#wildfire
1775,#Manchester
1779,#TheStrain
1789,#NYC #newyork
1790,#TweetLikeItsSeptember11th2001
1791,#kenya #langata
1802,#Albany #NY #News
1803,#PPSellsBabyParts
1804,#rdg
1807,#TweetLikeItsSeptember11th2001
1808,#NH1News
1810,#Manchester
1811,#Montgomery
1816,#history
1817,#MHT
1826,#RedSox
1837,#LoseIt
1840,#myfitnesspal
1847,#LoseIt
1852,#myfitnesspal
1860,#CubsTalk
1878,#atk #LetsFootball #letsFootball #atk
1882,#fat #burnfat #skinny #workout
1885,#SJUBB
1887,#Zionism #Babies
1918,#ika #tuning #diet
1938,#Firefighters #tech
1939,#KCA #VoteJKT48ID
1953,#BooRadleyVanCullen
1957,#BlackLivesMatter
1985,#AppreciativeInquiry
1986,#StandwithPP
1987,#spain
2023,#criticalmedia
2045,#pbs #iraq
2046,#FrancisUnderwood #HoC
2049,#Afghanistan #2015
2050,#casualties
2051,#Civilian
2055,#FTSN #FTSNNewsdesk
2060,#hiring
2064,#Wave #Casualty #AIDS
2068,#endangered #drone
2070,#hiring #jobs #Denver
2074,#amicospizzato #seeyouatamicos
2082,#Homealone2 #film4
2094,#France #Russia
2095,#MTVHottest
2096,#Diversification
2102,#NowPlaying
2111,#pjnet #tcotåÊ #ccot
2112,#Borrowers #interest #catastrophe
2116,#iphone #twist #preparedness
2121,#boy #mix #preparedness
2128,#VMAs
2129,#PixelsMovie
2133,#Denver #Insurance #Job
2134,#spark #song #preparedness
2138,#IMDb
2139,#Catastrophe #Results
2142,#gbbo
2144,#nar #phuket #preparedness
2149,#Wolves #SaveDenaliWolves
2153,#ScrapTrident
2157,#real
2158,#PieceOfMe
2195,#GravityMovie
2205,#Defendant #Catastrophic #jobs
2211,#Illinois #hazmat
2214,#savebees
2215,#Krefeld
2217,#savebees
2220,#job #Seattle #Chemical #Dependency #jobs
2221,#benews
2222,#iJETalerts
2229,#Chemical #Dependency #Seattle #jobs
2230,#watersafety
2237,#Chemical #Dependency #Seattle #jobs
2240,#Chemical #Dependency #Seattle #jobs
2241,#USAR2015 #USAR15 #RUOR
2244,#Savebees
2248,#6
2256,#yr
2257,#heat #cold #tough #crossfit
2258,#Humble
2267,#FunnyNews #Business
2278,#thinkpink #magichairbump
2303,#NowPlaying #Internet #Nieuws #Radio
2314,#TalkRadio
2324,#business
2341,#Greece #bailout
2347,#theashes
2349,#ROH3 #JFB #TFB #alrasyid448ItuRasya #US #ROH3SmantiBatam
2362,#wish
2367,#OneHeartOneMindOneCSS
2377,#TVJNews
2397,#I #after
2408,#love
2414,#pluto
2415,#fashion
2419,#nlccollide
2428,#wogc #kindle
2437,#NowPlaying
2438,#Vancouver #ISEA2015
2441,#gemma #bowe
2443,#TheDoolingGroup #BREAKING
2446,#wattys2015 #Wattpad #teenfiction
2455,#ihave44episodesofGG #nojoke
2459,#Newswatch #Ptbo
2460,#yagitudeh
2478,#ButGod
2479,#simple #Alaskaseafood #askforalaska
2488,#Newswatch #Ptbo
2489,#News
2496,#JustinBieber #HarryStyles #Cern #HarryBeCareful
2512,#Hwy401 #Cambridge #OPP
2514,#technology #cool
2520,#BODY #SHOP #Vancouver #jobs
2521,#technology #cool #Tech
2523,#technology #cool #Tech
2531,#innovation #gadgets
2539,#Colorado #News
2541,#MAPLERIDGE
2545,#QEW #Niagara
2550,#gadget #technology
2557,#course
2566,#course
2571,#INCIDENT
2576,#course
2590,#course
2591,#course
2592,#course
2605,#PeritoEnGrafoscopia
2614,#UK
2617,#rochdale #heywood
2619,#WeLoveYouLouis #MTVHottest
2624,#Windows10
2625,#Hope
2631,#News
2645,#modestmouseremix #truestory
2649,#SKH
2661,#loveyouuuu #aintsheperty
2671,#MTVHottest
2680,#MrRobinson #TheSteveHarveyShow
2698,#NowPlaying #Crush #Listen #NowPlaying
2714,#WorstSummerJob
2724,#EDWING #BlueJays
2729,#BlueJays
2730,#nikeplus
2736,#nikeplus
2741,#AyekoRadio #Radio #NetLabel #ElectronicMusic #listen #CCMusic
2752,#france #wine #DC
2760,#Chicago #news
2765,#BC
2788,#freedom #donthate
2794,#BC19
2803,#rewatchingthepilot #TeamScorpion #Cyclone
2808,#Camera #Art #Photography #0215
2821,#HannaPH
2827,#6
2828,#Vanuatu
2832,#KurokoBot
2833,#ComDev #Asia #Bangladesh #programs #komen
2846,#Vanuatu
2851,#Rohingya #Kyee
2852,#OOTD #DoubleGhats
2858,#fitness
2863,#NY35
2870,#Royals
2882,#NP
2884,#pt
2888,#nsfw #pussy #ass #boobs #asian #nude
2891,#Glaucoma #eye #eyefacts
2893,#JSunNews
2895,#icd10
2896,#QueensWharf #Brisbane
2910,#rockin #ArtistsUnited
2911,#weather #cawx
2912,#rockin #ArtistsUnited
2921,#FETTILOOTCH #SLANGLUCCI
2922,#Govt #Ethical #USA
2924,#danger
2925,#st
2929,#FETTILOOTCH #SLANGLUCCI
2931,#nonprofit
2933,#rockin #ArtistsUnited
2934,#AFC
2935,#FETTILOOTCH #SLANGLUCCI
2936,#FETTILOOTCH #SLANGLUCCI
2943,#weather #cawx
2950,#coyi
2971,#IWasDisappointedBy
2976,#AskCharley
2984,#dead
2992,#AskCharley #Emmerdale
3001,#Emmerdale #summerfate
3014,#PapiiChampoo
3037,#tcot
3038,#Cyprus
3044,#Mullah
3047,#CecilTheLion
3052,#follow
3053,#vaxshill
3056,#VRA50
3057,#Palermo #Shipwreck #Children #Deaths
3058,#INSAS
3059,#superfood
3061,#physician
3062,#CDCwhistleblower
3064,#news
3068,#AdiosSuperBacterias
3072,#US #nghlth
3077,#plague #health #publichealth
3086,#Blackpool #BeClearOnCancer
3090,#emmerdale
3093,#Blackpool #BeClearOnCancer
3100,#SeaWorld #OpSeaWorld
3102,#notrocketscience
3104,#aerospace #exec
3117,#MH370
3120,#MH370
3122,#sad #tragedy #innocent #crash #mh370
3123,#love #food #fun
3125,#MH370
3136,#MH370
3138,#KAMINDOZ #reuters
3144,#Video
3147,#Malaysia #News
3159,#GBBO #baking #cakes
3161,#floods
3163,#CecilTheLion
3167,#FantasticFour
3170,#legionstrackandfield
3174,#king #Deluge #Dumuzid
3180,#ChildSexAbuse
3181,#Bible
3183,#UnFML #deluge
3185,#GISHWHES
3191,#b2b #b2bagency #ContentMarketing
3197,#asae15 #assnchat
3198,#MeditationByMSG
3201,#novalismi
3212,#Glimpses
3262,#badotweet
3277,#fitness #inspiration
3280,#Zionist #Terrorist #Palestinian
3285,#Fashion #Manhood
3286,#AvigdorLiberman #Susiya
3292,#Android #androidgames #gameinsight
3295,#Babri
3302,#charminar #Telangana
3303,#funtimes #demolished
3309,#Patriots #CantMakeItUp #PatriotsNation
3318,#BacktoBack #ChargedUp
3319,#Media420 #PapiCongress
3337,#BBSNews #Palestine #Israel
3355,#Buffalo
3361,#Demolition #Workers #Halifax #jobs
3362,#burnaby #changefortheworse
3368,#Hiroshima
3369,#download #watch #movie
3372,#Demolition
3379,#gop #potus #irandeal #isis
3405,#WMATA #Metro #sms
3410,#IranDeal
3411,#FreeSikhPoliticalPrisnors
3413,#washingtonpost
3415,#India #mumbai
3418,#AllLivesMatter
3419,#GOPDebate
3428,#tubestrike #coya #london
3430,#GOPDebate
3437,#India #mumbai
3447,#AllLivesMatter #blacklivesmatter
3448,#DONZILLA #Trump2016
3452,#Business
3459,#wmata
3460,#Adani #Modi
3462,#WMATA
3466,#kidscompany
3471,#illustration #subway
3472,#writing
3473,#wmata
3474,#wmata
3475,#IdentityTheft #TaxReturn #IdentityTheft #CRI
3476,#Metro #WMATA
3493,#tubestrike #robertwelch
3494,#deepthoughts
3500,#Metro
3508,#news #til_now #NDTV
3510,#TeamFollowBack #FollowBack
3512,#ModiMinistry
3513,#ChicagoScanner
3519,#IndiaTV
3527,#IndianNews
3532,#Mumbai
3533,#News #topstories
3534,#IndianNews
3540,#ModiMinistry
3566,#OnThisDay
3570,#SoundCloud
3602,#alt #electro #rock #comingsoon
3607,#Desolation #TheConspiracyTheory #NewEP
3609,#IMDb
3611,#FREE #Military #Thriller #Suspense #Kindle #amreading
3613,#Phoenix #Ariz
3617,#listia
3634,#Phoenix #Arizona
3638,#ORShow
3641,#4
3643,#np
3645,#cliptv #desolationofsmaug #poze #thehobbit
3647,#np
3653,#Ashes2Ashes
3658,#ShantaeForSmash #Shantae #ShantaeHalfGenieHero #Nintendo
3666,#YIAYplan
3667,#Luck #Destroy
3669,#ReggaeBoyz
3674,#copped
3675,#Destroy #Free
3680,#beconfident
3684,#StreetjamzDotNet
3695,#AshesToAshes
3713,#FN
3715,#EverydayNaija
3725,#SemasirTalks
3735,#ABomb #Hiroshima #BBC #survived #CNV
3737,#IranDeal
3741,#hot #teen #nsfw #porn #milf
3743,#GH
3753,#Takecare
3759,#fly #bored #cats #destruction #badkitty #thisiswhywecanthavenicethings
3761,#Russian #news
3765,#Putin
3771,#ThingsIhate
3780,#1
3789,#bancodeseries
3812,#Boulder
3816,#JTW
3822,#ORapInforma
3827,#HHBU
3829,#soundcloud
3837,#FIYA
3842,#hiphop #news #indie
3876,#SoundCloud
3877,#Appy #Hiroshima
3904,#GujaratRiot #MumbaiRiot92 #Modi #ChawalChorbjp
3905,#LosDelSonido #IvanBerroa
3907,#Worldnews
3922,#Emmerdale #SummerFate
3924,#RossBarton
3926,#emmerdale
3935,#GeorgeCole
3953,#ashes2015 #ENGvAUS
3954,#LatestNews #CNBC #CNN
3957,#Hiroshima
3964,#HungerArticles
3970,#FirstNations #IdleNoMore #cndpoli #yyj
3979,#Thorium
3984,#Hiroshima #BeyondtheBomb
3993,#health #Newyear
3995,#momneedscoffee #asap #iwontmakeit
3997,#Benediction #SanelessTheory
4000,#JakartaPost
4006,#Mediterranean
4011,#AfterHaiyan #Haiyan #YolandaPh #Philippines #livelihood #disasterrecovery #disaster
4019,#theneeds #Recipes
4020,#Blowltan
4021,#Metepec #Mexico #NitClub #mÌ¼sica #mÌ¼sica
4022,#Foxnews
4032,#MSGDoing111WelfareWorks
4034,#thriller #SciFi #Kindle
4049,#Myanmar #Rohingya #Sittwe #Prison #genocide
4051,#StrategicPatience #Genocide
4052,#Syria #US #Canada
4054,#Myanmar #Rohingya #Sittwe
4057,#KCA #VoteJKT48ID
4064,#KCA #VoteJKT48ID
4068,#StrategicPatience #Genocide
4072,#StrategicPatience #Genocide
4076,#StrategicPatience #Genocide
4077,#StrategicPatience #Genocide
4078,#nowplaying
4081,#Myanmar #Rohingya #Sittwe #Prison #genocide
4083,#1
4086,#Myanmar #Rohingya #Sittwe #Prison #genocide
4087,#NewYork
4091,#Myanmar #Rohingya #Sittwe
4094,#displaced #RefugeesMatter #Syria
4098,#Nevada #drought #NV
4108,#MakeWaterWork #WesternCanadaDrought
4116,#cloud #IOT
4122,#weed
4123,#DroughtMonitor #drought
4135,#rain #scwx #drought
4139,#drought #Macon #WarnerRobins #Dublin #Milledgeville #gawx
4146,#CADrought #LakeIsabella
4156,#NowPlaying #Listen #Live
4197,#AllTheKidneyBeansAndSorbet4Misha #YES
4205,#GamerGate
4210,#wattpad #promo
4211,#DW
4212,#UFO4UBlogEurope
4218,#Libya
4238,#Alameda #coke
4242,#summer2k15
4262,#ICYMI #Annoucement
4269,#NashsNewVideo
4270,#anxietyproblems
4282,#Islamic #state #brochure #bomb
4301,#duststorm
4325,#cogXbox #XboxOne #Xbox
4328,#idwx
4348,#Earthquake #Sismo
4349,#earthquake
4350,#EarthquakeNews
4351,#3Novices
4352,#Shelli #BB17
4353,#Earthquake #iPhone
4354,#EarthQuake
4357,#Sismo #CS
4358,#EarthQuake
4359,#earthquake #Anchorage
4362,#USGS #EarthTwerk
4363,#SCSeEstaPreparando
4365,#USGS #SM
4372,#euroquake
4373,#earthquake #quake
4375,#difficultpeople
4376,#EarthQuake
4377,#Earthquake #Sismo
4383,#Shelli #bb17
4384,#USGS #SM
4385,#Sismo #CS
4392,#earthquake
4395,#Megaquake
4441,#UglyPeople
4449,#pakistan #news
4455,#Borderlands #Borderlands2 #OOCVG #FTW
4456,#Red #Redblood #videoclip
4463,#Columbus
4464,#ROWYSOLouisville
4470,#SouthKorea
4472,#tigers #China #SaveTi
4488,#pakistan #news
4490,#mumbailocals #lessonforlife #marinelines #mumbai
4491,#WorstSummerJob
4509,#37592
4514,#ArchipelagoWolves #Extinction #StandForWolves
4516,#international #drjustinmazur
4524,#tookitlikeaman #lovemydentist #sore
4527,#Anchorage #Jobs
4529,#Alaska #ProtectDenaliWolves
4539,#fire #firemen #firetruck #emergency #rescue #911 #summertime #sirens
4542,#ProtectDenaliWolves
4547,#EMERGENCY
4550,#Emergency
4556,#GamerGate
4562,#yyc #abstorm
4565,#Retail
4577,#nbc15
4580,#Biztip #Solar
4584,#Families #autism #specialneeds
4585,#homeless
4587,#Cochrane #abstorm
4588,#yyc #abstorm
4593,#abstorm #yyc
4601,#Nursing #job #Torrance #Hiring
4604,#Nursing #Olympia
4608,#hiring #Nursing #Houston
4609,#hiring #job
4610,#veterans #followme
4617,#RN #Emergency #Henderson #jobs
4619,#MissionHills #Nursing #Job #Jobs #Hiring
4622,#tubestrike
4624,#Breaking #News
4625,#job #Hiring
4628,#Healthcare #Job #Kodiak #Jobs
4631,#hiring #Seattle #Nursing #Job #Jobs
4634,#hiring #job
4635,#Kodiak #Healthcare #Job
4637,#Tarzana #Nursing #Job #Jobs #Hiring
4641,#SouthLine
4646,#MissionHills #Nursing
4656,#ProphetMuhammad #islam
4657,#TRAFFICALERT
4659,#ProphetMuhammad #islam
4669,#ProphetMuhammad #islam
4672,#ProphetMuhammad #islam
4677,#LiteraryCakes
4678,#RaheelSharif
4684,#ProphetMuhammad #islam
4688,#boycottBears
4691,#ProphetMuhammad #islam
4697,#Mets
4704,#Tanzania
4713,#wildfire #CA #NV #UT #CO #OR
4717,#039 #039
4723,#TenNews
4725,#evacuate
4744,#WorstSummerJob
4745,#yemen #usa #evacuation #abandoned
4759,#FIFA16 #whocares
4760,#nazis #UK #TubeStrike
4762,#murfreesboro #walmart
4768,#LiveOnK2
4769,#KOIN6News
4774,#RockyFire
4777,#Phoenix #Miami #Atlanta #Casper
4784,#WorldNews
4788,#koin6news
4790,#manchesterlite
4800,#SR14 #LiveOnK2
4803,#MoreVoices
4807,#Phoenix #Miami #Atlanta #Casper
4813,#Breaking #Roosevelt
4829,#wildfires #calfires
4840,#RockyFire
4846,#Lolla
4847,#TRC
4848,#Reidlake #NWT #YZF
4853,#KOIN6News
4858,#feelingmanly
4859,#Wildfire
4860,#NB
4866,#RT
4874,#hitting #load
4884,#photo
4887,#RT
4889,#news #hotnewscake
4891,#RT
4899,#RT
4903,#RT
4914,#pets #dogs #animals #puppy
4919,#Medinah #ImKeepingMyDayJob #17
4923,#OTRAMETLIFE #MTVHottest
4924,#Hiroshima
4936,#38745
4955,#dating #meet #sex
4957,#news #science #life #tech
4959,#WORSTSUMMERJOB
4972,#16
4978,#War #atomicbomb
4989,#cum
4995,#BitCoin #Hangout
4997,#Tampa
5007,#dcubecrafts #greetingcards
5022,#Eyewitness #UK #UGC
5024,#Hiroshima #LIFE
5027,#ClimateChange #Anarchy
5037,#Hiroshima #LIFE
5039,#liveonKBAK
5049,#TBT
5059,#BokoHaram
5064,#Russia
5079,#Bluebell
5080,#IARTG #RWA #tw4rw #RRBC
5088,#Dynamix
5101,#9
5104,#Russian
5107,#HopeinChrist
5136,#gunfail #nra
5152,#news #crimes #justice #courts
5164,#NYC #News
5165,#education #econom
5174,#HSE
5175,#Seattle
5181,#Saudi #Abha
5182,#GGIndependencMessage
5189,#Hiroshima70
5194,#VisionZero
5208,#Shipping #Logistics
5231,#Mystery #Paranormal
5276,#PerryChat
5281,#BlackInAmerica #GrowingUpBlack
5287,#ChooseGod #RestoringPaths
5295,#TheXFiles201Days
5296,#Allah
5300,#BestTalkRadio
5308,#deltachildren #instaquote #quoteoftheday #Disney #WaltDisney
5315,#bancodeseries
5321,#auction #shoes
5331,#tcot
5332,#CanonBringIt #Fire #CanonTattoo #MN #TheresMoreWhereThatCameFrom
5342,#news
5353,#LoveFood
5354,#euro #dontexpectnothing #july #fire
5366,#RFP
5367,#reno
5372,#3
5375,#Philippines
5381,#PrayForSaipan
5382,#SigAlert
5385,#fireman
5387,#SigAlert
5403,#Philippines
5408,#filipino
5410,#NJTurnpike #NJTurnpike
5411,#LukeBox
5416,#charity #run
5417,#kindle
5418,#SmartTek #mPERS #safety
5446,#gisuserPR #geoTech
5448,#paramedic #EMS
5454,#999day
5458,#RockyFire
5459,#TN
5466,#UltimaLucha #LuchaUnderground
5473,#SBNation #Flames
5489,#PortgassDK
5498,#RubyBot
5517,#muaytai #wantmyabsback #strong
5519,#CFC
5522,#Hiroshima #Nagasaki
5529,#Floored4 #Flattened
5548,#Muppet
5555,#RobertCalifornia #thereisonlysex
5558,#HAIL
5563,#WX
5569,#socialnews
5582,#452
5593,#alwx
5594,#grants #funds
5600,#WxKY
5604,#NewYork
5608,#weather
5617,#WEATHER #ENVIRONMENT #CLIMATE #NATURE
5618,#HUNwx
5619,#homeimprovement #Flooding
5621,#mmda
5622,#yugvani
5625,#Laos
5626,#floods #ukfloods #flooding
5633,#INSubcontinent
5641,#valleywx
5646,#VietNam
5650,#flood #disaster
5653,#OCNJ
5659,#FrvrGrateful
5661,#writingtips
5662,#FARRAKHAN #QUOTE
5664,#India #floods
5674,#priceless
5676,#flood #disaster
5684,#jazz #art #Music
5690,#Bangladesh #WorldVision
5692,#Paraguay
5694,#Pakistan #Dua
5699,#FARRAKHAN #QUOTE
5704,#Typhoon
5710,#FARRAKHAN #QUOTE
5717,#RouteComplex
5722,#RouteComplex
5730,#socal #RealHiphop
5739,#NaturalDisasters
5751,#climatechange
5754,#PalmOil #forest #Indonesia
5759,#bcpoli #canpoli #vanpoli
5760,#trees #deep #Lake #forest
5769,#HeartDisease
5783,#straightfire
5789,#GoBlue #WrestleOn
5790,#np
5791,#youtube
5792,#SirMixAlot
5793,#WX
5795,#arwx
5803,#arwx
5808,#WCW #MTVHottest
5815,#KOTAWeather
5818,#yycstorm #ABStorm
5822,#ParkChat
5825,#KOTAWeather
5833,#okwx
5835,#mothernature #hailstorm #rain #yycfringe #KILLHARD
5840,#Boston #hailstorm
5845,#round2 #yyc #yycstorm
5848,#summer #Calgary #yyc #hailstorm #crazyweather
5856,#notgoingoutinthat #hailstorm #alberta
5858,#abstorm #yyc #hail #hailstorm #haildamage #yycweather #calgary #captureyyc #alberta #sto
5869,#CarlilesCanoeLivery #LoveMyJob
5870,#cowx
5874,#jamaicaplain #boston #hailstorm
5876,#yyc #abstorm #calgary #iamdowntown
5882,#jamaicaplain #boston #hailstorm
5884,#yyc #yycstorm #abstorm
5888,#HarryBeCareful
5891,#EBOLA
5902,#OTRATMETLIFE
5916,#OTRAMETLIFE
5934,#PlannedParenthood #StandwithPP
5937,#Lifestyle
5950,#1
5952,#mufc
5980,#Chelsea #Hazard
5985,#WE #WholeTeam3 #WholesaleEnt
5988,#Taiwan
5991,#sustainable
5992,#WX
5996,#foodscare #offers2go #NestleIndia #Magginoodle #ban #humanconsumption
5997,#what #tribal #world
5998,#socialnews
6000,#dam #gms #world
6003,#WX
6007,#WX
6023,#foodscare #offers2go #NestleIndia #Magginoodle #ban #humanconsumption
6027,#PP15000266858 #pdx911
6030,#socialnews
6031,#foodscare #offers2go #NestleIndia #Magginoodle #ban #humanconsumption
6032,#psd #special #world
6033,#WX
6034,#socialnews
6038,#lawx
6056,#Squad #RevItUp #PizzaRev
6057,#Jackson #ms
6069,#Palestine
6075,#greatbritishbakeoff
6083,#SoundCloud #np
6088,#Afterlife
6092,#islam
6094,#Allah #wealth #forever #Hellfire #Reflect
6096,#islam
6099,#Afterlife #islam
6105,#Allah #wealth #forever #Hellfire #Reflect
6110,#islam
6112,#Afterlife
6113,#islam
6116,#Afterlife #islam
6123,#Allah #wealth #forever #Hellfire #Reflect
6125,#Afterlife
6126,#Hellfire #WOD
6133,#JAGM #TOW
6134,#islam
6137,#GamerGate
6148,#HumanRights
6162,#mcgsecure
6170,#LatestNews
6213,#sacramento
6222,#fresno
6243,#hot #prebreak #best
6244,#hot #prebreak #best
6245,#hot #prebreak #best
6246,#hot #prebreak #best
6248,#hot #prebreak #best
6253,#hot #prebreak #best
6255,#hot #prebreak #best
6256,#hot #prebreak #best
6259,#hot #prebreak #best
6261,#hot #prebreak #best
6262,#hot #prebreak #best
6265,#hot #prebreak #best
6267,#hot #prebreak #best
6272,#hot #prebreak #best
6274,#hot #prebreak #best
6276,#hot #prebreak #best
6278,#263Chat #Twimbos
6282,#FlavorChargedTea
6283,#hot #prebreak #best
6328,#auspol
6336,#hot #prebreak #best
6337,#hot #prebreak #best
6338,#FreeAmirNow #FreeALLFour #Hostages #Iran #IranDeal
6344,#hot #prebreak #best
6345,#hot #prebreak #best
6346,#LH_movie #indiefilm #comingsoon
6354,#news #hostages #Libya #India #terrorism #Africa #AP #TS #NRI #News #TRS #TDP #BJP
6358,#aviationaddicts
6365,#hot #prebreak #best
6366,#hot #prebreak #best
6369,#Sinjar #Yazidis #Phoenix #Newyork #Miami #Atlanta #Casper #Iraq
6370,#Free #Porn #Clip #RT #adult #sex #tube
6372,#news #hostages #Libya #India #terrorism #Africa #AP #TS #NRI #News #TRS #TDP #BJP
6373,#NoIranDeal #TedCruz2016
6374,#security #terrorism
6375,#news #hostages #Libya #India #terrorism #Africa #AP #TS #NRI #News #TRS #TDP #BJP
6376,#Yazidis
6380,#hot #prebreak #best
6382,#hot #prebreak #best
6383,#Sinjar #Yazidi #IS
6387,#BB17
6396,#hurricane #guillermo #MeteoEarth
6415,#hurricane #guillermo #MeteoEarth
6416,#Taiwan #China #world
6417,#Snowden
6427,#kick #hurricane #simple
6446,#YUG
6448,#SuryaRay #India
6450,#WakeUpFlorida #Floridians #TrophyHunt
6466,#8392
6469,#RT
6470,#renew911health
6472,#World
6478,#golf #news
6480,#BreakingNews
6481,#renew911health
6493,#AFC
6499,#riders
6510,#NJ36
6516,#GOP #DisabledVeterans #ThePartyofMeanness
6528,#NS
6536,#chinadotcom #sports
6541,#Arsenal
6549,#USMNT
6550,#poster #ergo #cuff
6556,#Military #Injury
6561,#PFT
6565,#NYG
6567,#NFL #News #Playoffs
6572,#Cowboys
6577,#Cowboys
6593,#wcvb
6607,#TMS7
6613,#Worm
6614,#Bangladeshaffected #BangladeshFlood
6616,#Mainstage
6617,#KRO
6629,#tech #news
6653,#Allah #Islam #sinkhole #landslide #avalanche #USA #France #UK #usgs #emsc
6656,#nowplaying #Q99
6660,#Landslide
6669,#Tory #G
6670,#89X
6683,#Flashflood #landslide #Pakistan #365disasters
6688,#landslide #skardu
6689,#SoundCloud
6706,#PantherAttack
6707,#kidsthesedays
6722,#PantherAttack
6725,#e
6731,#PantherAttack
6736,#PantherAttack
6737,#baby #swim #parents #waterboarding #lava
6745,#PantherAttack
6748,#shakeology
6754,#iPhone
6757,#okwx
6759,#034
6779,#Lightning
6781,#NowPlaying
6787,#629
6789,#pics
6793,#pics
6795,#scichat #science
6801,#ActionMoviesTaughtUs
6815,#auspol
6821,#Wimbledon
6864,#Faroe
6867,#hiroshima #war #atombomb #japan
6874,#FaroeIslands
6876,#WildHorses
6879,#FaroeIslands
6881,#FaroeIslands
6893,#DebateQuestionsWeWantToHear #Saudi #Israel #Wahhabism #Zionism
6897,#Antioch
6909,#gunsense #GFZ
6910,#TheaterShooting
6918,#movietheatre #615
6940,#Antioch
6946,#Antioch
6950,#Antioch
6953,#Grindhouse #TexasChainsawMassacre
6956,#Sinjar #Yazidi #yazidi_shingal_genocide #EzidiGenocide
6961,#rememberRABAA
6972,#Obama #Clinton #Bush #GOP #ABC #CBS #BBC #CNN #WSJ #WPO
6973,#Hiroshima
6974,#BeCarefulHarry
6985,#Antioch
6988,#Antioch
6996,#Giveaway
7005,#7 #RAmag #Fashion #Models #Mayhem
7008,#7 #RAmag #Fashion #Models #Mayhem
7009,#4PlayThursdays
7013,#MasterChef
7015,#NoSurrender
7019,#TBT
7023,#RT_4_A_MENTION #TY
7024,#7 #RAmag #Fashion #Models #Mayhem
7027,#4PlayThursdays
7030,#Pitchwars
7036,#7 #RAmag #Fashion #Models #Mayhem
7044,#NoSurrender
7059,#blessed
7061,#Drum #heavy #nasty
7068,#tangletalk
7076,#Amazon
7078,#Mets
7086,#140
7093,#Mets
7095,#3
7098,#ushanka #winter #military
7108,#military #veterans #environment
7109,#russian #cossack #ushanka
7115,#IranDeal
7116,#military #veterans #environment
7125,#HillaryClinton
7126,#hiring #job #Nursing
7128,#Hiroshima70
7130,#Author #Interview #Gravity #Military #Mom #TalkRadio
7136,#tomclancy
7146,#GBBO
7147,#GBBO
7154,#GBBO
7155,#GBBO
7157,#priceless #GBBO
7158,#disaster #GBBO #mudslide
7159,#britishbakeoff #paulhollywood
7160,#greatbritishbakeoff
7163,#icelandreview
7165,#GBBO
7166,#GBBO
7167,#mudslide
7168,#GBBO
7171,#GBBO
7174,#vaginaorcake #GBBO
7180,#mudslide
7183,#mudslide #GBBO
7185,#BakeOffFriends
7188,#BakeOffFriends #GBBO
7191,#thisiswhywecanthavenicethings
7193,#gbbo2015
7205,#Arkansas #NOLA
7228,#AskConnor
7248,#Fukushima
7250,#IranDeal #NoNuclearIran #BadIranDeal
7251,#Fukushima #Japan #Chernobyl
7252,#FUKUSHIMA #TEPCO #US
7253,#natural #disaster #Japanjapan #Nuclear #US #anonymous #Nytimes
7254,#jishin_e #nuclear #Minamisoma
7260,#Obama #Iran #Nuclear #IranNuclearDeal
7267,#Japan #Fukushima
7270,#Japan #Fukushima
7272,#refugees #nuclear #Japan #AFP #guardian #WPS #NYTimes
7278,#Disaster
7283,#Iran #nuclear
7289,#Hiroshima
7290,#Japan #Fukushima #global
7291,#Nuclear #Japan #Disaster #failure #annonymous #guardian #NYTimes #Reuters
7292,#fukushima
7296,#GE #robot #nuclear #innovation
7302,#nuclear #US
7306,#navy
7317,#Solar #Japanese #Fukushima
7320,#winechat
7328,#Subs
7329,#sizewell
7332,#Chernobyl
7335,#worldnews #news #breakingnews
7350,#RichHomeyDon #Swag #USA #LIKES
7352,#fun #instagramers
7354,#KneelBot
7357,#LOL
7360,#JonVoyage
7369,#gym #gymflow #gymtime #team #assassins
7381,#ovofest #nowplaying
7410,#MicheleBachman #GlobalWarming
7416,#Zimmerman
7419,#byebyesoundcloud
7425,#MicheleBachman #GlobalWarming
7433,#blessed
7446,#WW3 #demonization
7453,#TeamHennessy #NJ
7458,#SLAB #Labour #Labourleadership
7473,#obliteration
7476,#Homosexuality
7482,#entrepreneur #management #leadership #smallbiz #startup #business
7512,#sydtraffic #trafficnetwork
7513,#KSBYNews
7522,#OSI2016
7523,#LosAngelesTimes #latimes #news
7527,#Kamloops
7534,#news
7555,#LegionnairesDisease
7565,#MuhamadJabal
7581,#SEBEE
7582,#losangeles
7585,#News
7587,#News #check #follow
7594,#BREAKING
7607,#Pandemonium
7608,#CopaLibertadores
7610,#Pandemonium
7623,#BennyCapricon
7628,#Shestooyoung
7631,#cumshot #sex #porn #video #porno #free
7640,#justaguess
7644,#Deals_UK
7650,#autismawareness
7652,#TroubleOnMyMind
7668,#Royals
7681,#NatsNation
7685,#dream #magic #linden #1
7712,#HS2
7724,#romanticsuspense
7748,#BREAKING411
7750,#World #News
7755,#SmartNews
7763,#HarryBeCareful
7764,#BAYONETS #EvilEmpire #JadeHelm15
7765,#PP15000266818 #pdx911
7768,#shooting #police
7784,#8217
7787,#helpme
7788,#Facebook #socialmedia #strategy
7797,#onlinecommunities #reddit #amageddon #freespeech #Business
7800,#Technology #technews #puledo_tech_update
7801,#Reddit #content #policy
7810,#Bangalore #Startups #in
7822,#wired #business
7824,#onlinecommunities #reddit
7828,#cc
7831,#onlinecommunities #reddit #amageddon #freespeech
7851,#hot #prebreak #best
7854,#hot #prebreak #best
7862,#hot #prebreak #best
7873,#Bluehand #PJNET
7881,#Ebola
7882,#hot #prebreak #best
7894,#hot #prebreak #best
7898,#sejorg
7906,#preparedness
7907,#radiation #emergency #procedures #06 #24 #09
7908,#CCOT #TCOT #radiation
7909,#IWK
7910,#gloucester #capeann #seagulls #triciaoneill #triciaoneillphoto
7915,#lucky
7916,#DnB #NewRelease
7918,#people #killed #rainstorm #Italian #Alps #landslide
7933,#Castle
7952,#Vancouver #drought #deadgrassandflowers #wildfires
7971,#News #TAFS #FB100
7990,#sandiego
7994,#GN
8001,#NorthernCalifornia #ZippedNews
8013,#WashingtonPost
8015,#Dutton #Abbott #LNP #CHOPPERGATE #BRONWYNBISHOP #AUSPOL
8016,#retweet
8026,#refugees
8029,#refugees
8031,#refugees #christianvalues
8037,#Turkish #Syrian #refugees #wedding
8039,#Age #news
8057,#Dutton #presser
8061,#KelbyTomlinson
8062,#animalrescue
8065,#NewBeginningsAnimalRescue
8066,#PPact
8067,#animalrescue
8068,#animalrescue
8069,#psychrewatch
8071,#animalrescue
8073,#animalrescue
8087,#animalrescue
8089,#News
8091,#animalrescue
8100,#emmerdale
8101,#summervibes #california #puppy #pitmix #rescued #brixton #banksy #happy #mybabies
8103,#socialnews
8105,#Skyrim
8109,#enkelbiljett #menolippu
8113,#news
8125,#c4news
8130,#Emmerdale #SummerFate
8142,#Africa #News
8149,#world #news
8154,#childhooddefined
8155,#RoddyPiperAutos
8164,#Africa #News
8169,#WorldNews
8176,#News
8191,#BBC #News
8195,#art
8202,#RIOT #BlowMandyUp
8203,#arts
8213,#menswear #fashion #urbanfashion
8214,#RIOT #BlowMandyUp
8240,#RIOT #BlowMandyUp
8241,#nowplaying
8245,#Emmerdale
8247,#hyperbole #saintsfc
8250,#Rio2016
8252,#LoveIsLove
8254,#Baltimore #Rioting #YAHIstorical #UndergroundRailraod
8261,#163
8262,#BHRAMABULL
8279,#nffc #don
8287,#UkNews
8288,#Baltimore #Rioting #YAHIstorical #UndergroundRailraod
8300,#crazyideascollege
8301,#360WiseNews
8309,#forbes #europe
8314,#360WiseNews
8317,#forbesasia
8320,#tcot #p2 #news
8329,#TNN
8330,#ROIMentor #yycwalks
8334,#360WiseNews
8341,#360WiseNews
8347,#quote
8350,#MTA #Sorrybutitstrue
8360,#yes
8367,#minions
8415,#Zaatari
8468,#CedarGlade2015
8472,#fierce
8477,#OTRAMETLIFE
8483,#AddTexasToNext1DTour
8516,#FunnyDadCoach
8520,#IDOLS #22DAYS #WDYM
8528,#NoChillLukeHammings
8575,#Thankyou
8606,#Gabon #Somalia
8607,#oil #gas #cyber #EY
8608,#Somalia
8609,#earthquake #news
8615,#Sismo #JapÌ_n
8620,#Earthquake
8621,#follow #maps
8622,#kml #seismic #offshore #oil
8623,#Somalia
8625,#Sismo #JapÌ_n
8631,#OilandGas #Gabon #Somalia
8633,#Gabon #Somalia
8640,#Sismo #JapÌ_n
8643,#gif #funny #lol #comedy #iFunny #video #image #RT
8647,#Occasion2B
8655,#FDNY #Brooklyn
8657,#YoNews
8658,#accidentalprophecy
8660,#sinkhole #piling
8662,#SanDiego #News #Algeria
8665,#LoMasVisto #CadenaDeSeguidores
8668,#SanDiego
8674,#sandiego
8677,#funny
8689,#MTSAlert
8691,#YoNews
8697,#nowplaying
8699,#priorities
8718,#TNA #DestinationIMPACT
8720,#goodbye
8723,#sinking #twins
8738,#Tribe
8743,#wishlist
8747,#horror
8755,#liveonstreamate
8757,#nowplaying
8770,#askH3cz
8795,#millcityio #20150613
8808,#SirensIcebreaker
8823,#SoundCloud
8831,#abc7eyewitness #HometownGlory
8837,#radio #news
8892,#art #painting
8902,#AoMS #ibooklove #bookboost
8905,#photo #winter #SouthDowns #Hampshire #photography #art #tree #treeporn
8912,#AoMS #ibooklove #bookboost
8914,#TubeStrike
8916,#growingupincolorado
8923,#AMSsummer
8924,#AoMS #ibooklove #bookboost
8931,#NowPlaying
8933,#photo #SouthDowns #Hampshire #Winter #photography #art #tree #treescape #treeporn
8936,#LakeEffect #Snowstorm
8941,#Rome
8944,#gamefeed #VideoGame
8949,#property #storm
8959,#EventsPalmBeach
8963,#SportingGoods
8966,#guillermo
8971,#TWCNews #ncwx
8972,#abstorm
8985,#NASA #solar
9000,#UltimaLucha #LuchaUnderground
9028,#Stretcher
9029,#Amazon #foot #adjust #shape #shoe
9062,#preventative #CTS
9082,#stopevictions
9095,#Bestnaijamade
9098,#Bestnaijamade
9107,#Bestnaijamade
9113,#Bestnaijamade
9114,#Bestnaijamade
9119,#ISIS #Homs
9130,#ISIS
9134,#GRupdates
9135,#Bestnaijamade
9142,#mercados
9143,#Saudi #Tripoli #Libya
9148,#ISIS
9151,#saudiarabia
9161,#news
9174,#deai
9179,#mercados
9187,#world #news
9207,#premonitions
9215,#KPPolice
9221,#Kuwait
9225,#premonitions
9268,#ArrestpastorNganga
9287,#BlueJays
9300,#oil #investing #money #trading #forex #gold #silver #business
9303,#tootrue
9313,#ThomasSMonson #LDS #Mormon
9317,#books
9324,#teamsurvivors #zombiefunrun2014
9337,#Autoinsurance #healthinsurance
9339,#Autoinsurance #driverlesscars #Markets #Money
9344,#JonVoyage #holomua
9365,#SummerFate
9372,#makinmemories
9376,#Hiroshima #Nagasaki #OTD
9378,#Chronicillness #MyLifeStory
9385,#TBT
9391,#Hiroshima
9393,#India
9402,#Hiroshima #Japan #nuclearweapons
9403,#coppednews
9410,#WorldNews
9417,#LungCancer
9431,#Hiroshima #Nagasaki #nuke
9432,#Shanghai #China
9436,#Cubs
9441,#Hiroshima
9445,#News #BBC #CNN #Islam #Truth #god #ISIS #terrorism #Quran #Lies
9449,#News #BBC #CNN #Islam #Truth #god #ISIS #terrorism #Quran #Lies
9453,#Politics
9454,#News #BBC #CNN #Islam #Truth #god #ISIS #terrorism #Quran #Lies
9470,#islam
9471,#Newsarama
9472,#islam
9480,#News #BBC #CNN #Islam #Truth #god #ISIS #terrorism #Quran #Lies
9482,#News #BBC #CNN #Islam #Truth #god #ISIS #terrorism #Quran #Lies
9484,#1
9486,#News #BBC #CNN #Islam #Truth #god #ISIS #terrorism #Quran #Lies
9489,#Pakistan #Anti #Act
9490,#News #BBC #CNN #Islam #Truth #god #ISIS #terrorism #Quran #Lies
9493,#MetroFmTalk
9505,#Elections #AcheDin
9508,#MetroFmTalk
9520,#4
9525,#Zionist #Terrorist #Bethlehem
9531,#Zionist #Terrorist #Palestinians
9533,#UdhampurAgain #Udhampur
9538,#TRAITOR
9539,#Zionist #Terrorist #Palestinians
9541,#keepingtheviginaclean #metrofmtalk
9542,#infosec #DFIR #ThreatIntel
9552,#drones #privacy
9553,#BHUSA
9565,#PlayingNow #BLOODBOUND
9568,#FIFA16
9571,#Gander #nlwx
9576,#JoeStrong #GoKitGo
9583,#thunder #SoothMySlumber #WATERMELOANN #populardemand
9597,#she #back
9600,#thunder #gawx
9602,#Oklahoma #Thunder #NBA #Durant
9608,#okwx
9611,#usNWSgov
9613,#WX
9616,#usNWSgov
9634,#Skywarn #OKwx
9638,#Thunderstorm #AR #NC #OK
9639,#okwx
9640,#VivaArgentina
9642,#scwx
9643,#okwx
9652,#thunder #lightning #lightningstrike #thunderstorm #nature #Helsinki
9657,#usNWSgov
9663,#TornadoGiveaway #thebookclub
9669,#arwx
9673,#okwx
9686,#photography #pod
9708,#TopStories #India
9723,#News
9724,#quotes
9730,#ModiMinistry
9737,#breakingnews
9755,#Indonesia #Malaysia #Jamaica
9771,#Chile #ZippedNews
9776,#MTVHottest
9778,#entertainment #news
9790,#newsdict #news #Chile
9795,#NZ #HugoMatz
9813,#NissanNews
9818,#ptsdchat
9820,#PTSDchat
9830,#gravitychat
9833,#Marijuana #PTSD #hempoil #cannabis #marijuana
9838,#childhood #trauma
9842,#FOAMed #FOAMcc
9850,#NHL
9857,#survivors
9858,#oneborn
9862,#GBBO
9866,#traumatised
9877,#GBBO
9884,#snapchatselfie #wrongperson #traumatised
9909,#VarageSale
9915,#theBargain
9930,#Fartanxiety
9940,#Prez
9960,#nopower
9961,#thankU
9963,#thankU
9971,#BBShelli #BB17
9972,#Banking #tech #bitcoing #blockchain
9973,#sing #tsunami #computer
9980,#sing #tsunami #computer
9984,#startup
9985,#FUKUSHIMA #TEPCO
10004,#thankU
10009,#yyc
10013,#OKTXDUO
10029,#iHeartRadio #NowPlaying
10032,#toosoon
10040,#Toronto
10054,#TwisterLovesShania
10058,#Breaking144 #AceNewsDesk
10066,#breaking #news
10072,#GeneralNews
10077,#international
10080,#LosDelSonido #IvanBerroa
10105,#ABCNews #World
10114,#TheGame
10115,#news
10116,#elderly #companionship #care #Chester
10118,#Sydney #News #Aus
10136,#Tigers
10147,#Ferguson
10152,#orcot #orpol
10159,#travel
10169,#stormchase
10171,#Amsterdam
10177,#CecilTheLion #BADChoices #BANTROPHYHUNTING
10184,#tcot
10206,#Amsterdam #News
10210,#Aogashima #Japan #photography #Volcano
10212,#Earthquake #Sismo
10214,#earthquake #Volcano
10215,#Earthquake #iPhone
10218,#shoes
10220,#earthquake #quake
10222,#EarthQuake
10223,#USGS #SM
10231,#shoes
10246,#perspective
10247,#Sismo #CSismica
10250,#CityofMemphis
10260,#LittleWomenLA
10268,#DebateQuestionsWeWantToHear
10270,#WorldWatchesFerguson #Florida
10280,#GrowingupBlack
10283,#OTRAMETLIFE
10289,#professional #help
10304,#tcot
10310,#terror #Cameroon #USA #Whitehouse #ES #FR #Nigeria #UK #Africa #DE #CA #AU #JP
10314,#InsaneLimits #plugin
10317,#gunsense
10323,#Mandela #quote
10336,#Kick
10341,#Syria
10342,#Gunsense
10345,#ineedexposure
10349,#USWarCrimes
10352,#OjouBot
10359,#IranDeal
10364,#phone #gaming #tv #news
10366,#Battlefield
10367,#denver #billings #rapidcity #seattle #cheyenne
10368,#bookmobile #libraries #reading
10369,#bigbrother #ch4
10375,#denver #billings #rapidcity #seattle #cheyenne
10378,#FinsUp
10380,#Security
10413,#mantra
10415,#Whirlwind
10418,#tubestrike
10419,#RemyMarcel #FroFroFro
10420,#whirlwind #drained
10421,#MLB
10427,#Titania
10429,#1 #cantwaittoplayinminneapolis
10432,#picthis #Toronto
10434,#snooker
10444,#fires
10446,#California #drought #wild #Nuclear #SanOnofre
10449,#FOXDebateQuestions
10471,#Worldnews
10479,#ProfitToThePeople
10485,#FingerRockFire #azwx
10488,#CAFire
10489,#IDFire
10490,#Vail
10498,#photography #arts
10502,#IDFire
10508,#wildfire #smem
10511,#Wildfire
10516,#FireNews #WA
10519,#UTFire
10520,#Lancaster
10521,#NewsInTweets
10522,#helicopter #firefighting #wildfire #oregon #easternoregon
10524,#CalWildfires
10525,#IDFire
10529,#IDFire
10533,#Wildfire
10534,#California #wildfire
10535,#GalvNews
10537,#nook #books #TheBachelorette
10540,#Paramedic #EMS
10541,#insurance
10552,#Insurance
10553,#NowPlaying #WZBT
10554,#politics #txlege #twia
10555,#fire #ems
10557,#Trump #Hardball
10563,#yyc
10564,#nowplaying #listenlive
10568,#WindStorm #BeSafe
10571,#nowplaying
10573,#Insurance
10581,#kindle #datingtips #goodreads
10588,#TheGame
10589,#NoMoreHandouts
10592,#Buffalo
10596,#KindleCountdown #Sale #MFRWauthor #MGTAB
10606,#Buffalo
10613,#ABC #News #AN247
10626,#client
10627,#Latestnews
10628,#news
10636,#9 #KerrickTrial #JonathanFerrell
10641,#Kashmir #Pakistan #India #EndOccupation #EndConflict #FreeKashmir
10647,#Kashmir #KashmirConflict
10650,#9 #KerrickTrial #JonathanFerrell
10657,#KerrickTrial #TWCNewsCLT
10669,#BishopFred
10672,#neverforget
10675,#KerrickTrial
10684,#KerrickTrial
10693,#c4news
10700,#artectura #pop2015 #Nå¼36 #music #playlist #YouTube
10704,#Trump
10715,#shoalstraffic
10720,#SummerFate
10723,#Sale
10729,#emmerdale
10743,#Australia #News #MH370
10747,#science
10765,#science
10768,#MH370 #najibrazak #MalaysiaAirlines
10770,#science
10793,#thatswhatfriendsarefor
10798,#news #til_now #CNBC
10799,#residualincome #mlm
10805,#wrecked
10821,#cnbc #topnews
10829,#whoops
10832,#FX #forex #trading
10837,#explodingkittens
10840,#Sismo #JapÌ_n
10842,#ISIS
10844,#HannaPH
10850,#tnwx
10851,#NWS #Thunderstorm #AR #NC #OK
10853,#BathAndNorthEastSomerset
10854,#Earthquake #iPhone
10859,#breaking #LA
10863,#WorldNews
10867,#stormchase
